tier,site,plot_id,vegHeight,coverSum,HeightXCover
China_2016,A,CH_A1,17.0431920976276,111.6,1902.02023809524
China_2016,A,CH_A10,12.0148648648649,99.9,1200.285
China_2016,A,CH_A11,10.3563813813814,88.8,919.646666666667
China_2016,A,CH_A12,18.3953389652419,113.3,2084.19190476191
China_2016,A,CH_A13,10.9972972972973,85.1,935.87
China_2016,A,CH_A14,23.465255423373,142.9,3353.185
China_2016,A,CH_A15,18.9260663507109,84.4,1597.36
China_2016,A,CH_A16,18.9009683003354,102.7,1941.12944444444
China_2016,A,CH_A17,13.4483978005309,87.9,1182.11416666667
China_2016,A,CH_A18,11.937833031947,110.6,1320.32433333333
China_2016,A,CH_A19,20.7823421393097,114.1,2371.26523809524
China_2016,A,CH_A2,13.8042346014493,110.4,1523.9875
China_2016,A,CH_A20,13.4292567012669,117.9,1583.30936507937
China_2016,A,CH_A3,10.7518246985989,83.7,899.927727272727
China_2016,A,CH_A4,5.92044491525424,70.8,419.1675
China_2016,A,CH_A5,18.7011693229343,98.3,1838.32494444444
China_2016,A,CH_A6,13.3683926645092,92.7,1239.25
China_2016,A,CH_A7,19.5889454209066,108.1,2117.565
China_2016,A,CH_A8,9.00455121245023,61.4,552.879444444444
China_2016,A,CH_A9,13.637570303712,114.3,1558.77428571429
China_2016,H,CH_H1,3.84619311937454,114.1,438.850634920635
China_2016,H,CH_H10,2.76122079839688,90.3,249.338238095238
China_2016,H,CH_H11,2.44834754364596,82.1,201.009333333333
China_2016,H,CH_H12,3.1478756022777,76.1,239.553333333333
China_2016,H,CH_H13,3.65720828582288,87.7,320.737166666667
China_2016,H,CH_H2,3.1378936605317,81.5,255.738333333333
China_2016,H,CH_H3,2.51233375959079,78.2,196.4645
China_2016,H,CH_H4,2.60215372907154,73,189.957222222222
China_2016,H,CH_H5,2.59343004798819,107.5,278.79373015873
China_2016,H,CH_H6,3.08691527143582,87.6,270.413777777778
China_2016,H,CH_H7,3.07118766811504,107.4,329.845555555556
China_2016,H,CH_H8,2.71667943167943,85.8,233.091095238095
China_2016,H,CH_H9,3.21326410986435,85.3,274.091428571429
China_2016,L,CH_L1,8.51975638740345,112.2,955.916666666667
China_2016,L,CH_L10,18.6601437024514,118.3,2207.495
China_2016,L,CH_L11,12.5259187109187,99,1240.06595238095
China_2016,L,CH_L12,10.4591475984333,92.4,966.425238095238
China_2016,L,CH_L13,14.8096420137398,109.6,1623.13676470588
China_2016,L,CH_L14,12.5322761474793,88.6,1110.35966666667
China_2016,L,CH_L15,16.3729392951259,109.3,1789.56226495727
China_2016,L,CH_L16,17.5832907324666,118.3,2080.10329365079
China_2016,L,CH_L17,7.89996483001172,85.3,673.867
China_2016,L,CH_L18,16.7869536231884,115,1930.49966666667
China_2016,L,CH_L19,14.0580250164582,108.5,1525.29571428571
China_2016,L,CH_L2,7.68371886120997,112.4,863.65
China_2016,L,CH_L20,9.60640096618357,103.5,994.2625
China_2016,L,CH_L3,28.8469882801853,122.3,3527.98666666667
China_2016,L,CH_L4,17.9946877655055,117.7,2117.97475
China_2016,L,CH_L5,13.9915494656235,105.3,1473.31015873016
China_2016,L,CH_L6,15.8145775301764,107.7,1703.23
China_2016,L,CH_L7,16.1166084933101,114.6,1846.96333333333
China_2016,L,CH_L8,36.6484126314944,118.6,4346.50173809524
China_2016,L,CH_L9,16.8393397435897,104,1751.29133333333
China_2016,M,CH_M1,13.5704739402122,91.7,1244.41246031746
China_2016,M,CH_M10,15.7562422744129,80.9,1274.68
China_2016,M,CH_M11,32.6794608100164,99.9,3264.67813492064
China_2016,M,CH_M12,20.0460100021744,87.6,1756.03047619048
China_2016,M,CH_M13,25.8647560536502,105.8,2736.49119047619
China_2016,M,CH_M14,24.4856256062076,103.1,2524.468
China_2016,M,CH_M15,27.0853737997256,97.2,2632.69833333333
China_2016,M,CH_M16,15.9744203144441,84.2,1345.04619047619
China_2016,M,CH_M17,11.8537345969089,60.8,720.707063492063
China_2016,M,CH_M18,20.1571720712825,114.1,2299.93333333333
China_2016,M,CH_M19,20.6481318681319,91,1878.98
China_2016,M,CH_M2,17.1551567034713,97.9,1679.48984126984
China_2016,M,CH_M20,15.9794777641779,81.7,1305.52333333333
China_2016,M,CH_M3,12.1154828785447,71.2,862.622380952381
China_2016,M,CH_M4,24.3742826288183,92.6,2257.05857142857
China_2016,M,CH_M5,15.7103301153415,87.8,1379.36698412698
China_2016,M,CH_M6,21.8052252252252,92.5,2016.98333333333
China_2016,M,CH_M7,19.760671812048,98.1,1938.5219047619
China_2016,M,CH_M8,28.9437767537122,93,2691.77123809524
China_2016,M,CH_M9,14.6515805037218,93.4,1368.45761904762
Peru_2018,ACJ,PE_ACJ_B_1,32,101.5,3248
Peru_2018,ACJ,PE_ACJ_B_2,26.4,96,2534.4
Peru_2018,ACJ,PE_ACJ_B_3,27.6,90.5,2497.8
Peru_2018,ACJ,PE_ACJ_B_4,32.4,73,2365.2
Peru_2018,ACJ,PE_ACJ_B_5,19.2,103.5,1987.2
Peru_2018,ACJ,PE_ACJ_C_1,,92.5,
Peru_2018,ACJ,PE_ACJ_C_2,40,115.5,4620
Peru_2018,ACJ,PE_ACJ_C_3,39.6,62,2455.2
Peru_2018,ACJ,PE_ACJ_C_4,28.6,57,1630.2
Peru_2018,ACJ,PE_ACJ_C_5,30.2,140,4228
Peru_2018,ACJ,PE_ACJ_C_5,35,140,4900
Peru_2018,PIL,PE_PIL_BB_1,30.2,88,2657.6
Peru_2018,PIL,PE_PIL_BB_2,23.2,87.5,2030
Peru_2018,PIL,PE_PIL_BB_3,28.2,100.5,2834.1
Peru_2018,PIL,PE_PIL_B_1,25.4,84,2133.6
Peru_2018,PIL,PE_PIL_B_2,33,76.5,2524.5
Peru_2018,PIL,PE_PIL_B_3,22.8,85.5,1949.4
Peru_2018,PIL,PE_PIL_B_4,28,85,2380
Peru_2018,PIL,PE_PIL_B_5,19.2,88.5,1699.2
Peru_2018,PIL,PE_PIL_C_1,32.6,97.5,3178.5
Peru_2018,PIL,PE_PIL_C_2,42.7,70,2989
Peru_2018,PIL,PE_PIL_C_3,23.6,89.5,2112.2
Peru_2018,PIL,PE_PIL_C_4,31,77,2387
Peru_2018,PIL,PE_PIL_C_5,38,98.5,3743
Peru_2018,QUE,PE_QUE_B_1,17.8,86.5,1539.7
Peru_2018,QUE,PE_QUE_B_2,18.8,86.5,1626.2
Peru_2018,QUE,PE_QUE_B_3,11.6,79,916.4
Peru_2018,QUE,PE_QUE_B_4,10.2,94,958.8
Peru_2018,QUE,PE_QUE_B_5,19,110,2090
Peru_2018,TRE,PE_TRE_C_1,20.8,89.5,1861.6
Peru_2018,TRE,PE_TRE_C_2,31,85.5,2650.5
Peru_2018,TRE,PE_TRE_C_3,26,112.5,2925
Peru_2018,TRE,PE_TRE_C_4,33,81,2673
Peru_2018,TRE,PE_TRE_C_5,31.6,93,2938.8
Peru_2018,WAY,PE_WAY_B_1,,96.5,
Peru_2018,WAY,PE_WAY_B_2,,101,
Peru_2018,WAY,PE_WAY_B_3,,48.5,
Peru_2018,WAY,PE_WAY_B_4,,64,
Peru_2018,WAY,PE_WAY_B_5,,81.5,
Peru_2018,WAY,PE_WAY_C_1,,102.5,
Peru_2018,WAY,PE_WAY_C_2,,93,
Peru_2018,WAY,PE_WAY_C_3,,146.5,
Peru_2018,WAY,PE_WAY_C_4,,89,
Peru_2018,WAY,PE_WAY_C_5,,106,
Peru_2019,ACJ,PE_ACJ_B_1,33.2,605,20086
Peru_2019,ACJ,PE_ACJ_B_1,19.8,605,11979
Peru_2019,ACJ,PE_ACJ_B_2,22.4,635,14224
Peru_2019,ACJ,PE_ACJ_B_2,26.4,635,16764
Peru_2019,ACJ,PE_ACJ_B_3,42.2,680,28696
Peru_2019,ACJ,PE_ACJ_B_3,23.6,680,16048
Peru_2019,ACJ,PE_ACJ_B_4,26.8,530,14204
Peru_2019,ACJ,PE_ACJ_B_4,24,530,12720
Peru_2019,ACJ,PE_ACJ_B_5,21.4,660,14124
Peru_2019,ACJ,PE_ACJ_B_5,21.8,660,14388
Peru_2019,ACJ,PE_ACJ_C_1,45.6,746,34017.6
Peru_2019,ACJ,PE_ACJ_C_1,24,746,17904
Peru_2019,ACJ,PE_ACJ_C_2,42.4,676,28662.4
Peru_2019,ACJ,PE_ACJ_C_2,33.6,676,22713.6
Peru_2019,ACJ,PE_ACJ_C_3,30,593,17790
Peru_2019,ACJ,PE_ACJ_C_3,25.4,593,15062.2
Peru_2019,ACJ,PE_ACJ_C_4,24.2,445,10769
Peru_2019,ACJ,PE_ACJ_C_4,39,445,17355
Peru_2019,ACJ,PE_ACJ_C_5,29.4,539,15846.6
Peru_2019,ACJ,PE_ACJ_C_5,28.6,539,15415.4
Peru_2019,ACJ,PE_ACJ_NB_1,18,178.5,3213
Peru_2019,ACJ,PE_ACJ_NB_2,16.4,130,2132
Peru_2019,ACJ,PE_ACJ_NB_3,20.4,194.5,3967.8
Peru_2019,ACJ,PE_ACJ_NB_4,26.8,164,4395.2
Peru_2019,ACJ,PE_ACJ_NB_5,26.6,165.5,4402.3
Peru_2019,OCC,PE_OCC_C_1,6.6,129.5,854.7
Peru_2019,OCC,PE_OCC_C_2,2.2,81.5,179.3
Peru_2019,OCC,PE_OCC_C_3,2.4,72,172.8
Peru_2019,OCC,PE_OCC_C_4,7.6,103.5,786.6
Peru_2019,OCC,PE_OCC_C_5,3.5,122.5,428.75
Peru_2019,PIL,PE_PIL_B_1,19.4,528,10243.2
Peru_2019,PIL,PE_PIL_B_1,35.4,528,18691.2
Peru_2019,PIL,PE_PIL_B_2,30.4,461,14014.4
Peru_2019,PIL,PE_PIL_B_2,33.8,461,15581.8
Peru_2019,PIL,PE_PIL_B_3,19.4,632,12260.8
Peru_2019,PIL,PE_PIL_B_3,31.6,632,19971.2
Peru_2019,PIL,PE_PIL_B_4,19.2,552,10598.4
Peru_2019,PIL,PE_PIL_B_4,26.6,552,14683.2
Peru_2019,PIL,PE_PIL_B_5,17,656,11152
Peru_2019,PIL,PE_PIL_B_5,36.6,656,24009.6
Peru_2019,PIL,PE_PIL_C_1,23.4,756,17690.4
Peru_2019,PIL,PE_PIL_C_1,26.8,756,20260.8
Peru_2019,PIL,PE_PIL_C_2,24.4,654,15957.6
Peru_2019,PIL,PE_PIL_C_2,39.6,654,25898.4
Peru_2019,PIL,PE_PIL_C_3,27.6,611,16863.6
Peru_2019,PIL,PE_PIL_C_3,30,611,18330
Peru_2019,PIL,PE_PIL_C_4,24.6,664,16334.4
Peru_2019,PIL,PE_PIL_C_4,35.8,664,23771.2
Peru_2019,PIL,PE_PIL_C_5,23.6,765,18054
Peru_2019,PIL,PE_PIL_C_5,35.6,765,27234
Peru_2019,QUE,PE_QUE_B_1,15.8,760,12008
Peru_2019,QUE,PE_QUE_B_1,13.8,760,10488
Peru_2019,QUE,PE_QUE_B_2,18,594,10692
Peru_2019,QUE,PE_QUE_B_2,19.8,594,11761.2
Peru_2019,QUE,PE_QUE_B_3,22.6,474,10712.4
Peru_2019,QUE,PE_QUE_B_3,12,474,5688
Peru_2019,QUE,PE_QUE_B_4,23.4,662,15490.8
Peru_2019,QUE,PE_QUE_B_4,14.6,662,9665.2
Peru_2019,QUE,PE_QUE_B_5,19.8,732,14493.6
Peru_2019,QUE,PE_QUE_B_5,13.8,732,10101.6
Peru_2019,TRE,PE_TRE_C_1,22.4,664,14873.6
Peru_2019,TRE,PE_TRE_C_1,27,664,17928
Peru_2019,TRE,PE_TRE_C_2,30.6,488,14932.8
Peru_2019,TRE,PE_TRE_C_2,19.2,488,9369.6
Peru_2019,TRE,PE_TRE_C_3,26,732,19032
Peru_2019,TRE,PE_TRE_C_3,28.2,732,20642.4
Peru_2019,TRE,PE_TRE_C_4,17,560,9520
Peru_2019,TRE,PE_TRE_C_4,31.4,560,17584
Peru_2019,TRE,PE_TRE_C_5,29.4,724,21285.6
Peru_2019,TRE,PE_TRE_C_5,33.8,724,24471.2
Peru_2019,TRE,PE_TRE_NB_1,21.5,310,6665
Peru_2019,TRE,PE_TRE_NB_1,23.2,310,7192
Peru_2019,TRE,PE_TRE_NB_2,19.2,336,6451.2
Peru_2019,TRE,PE_TRE_NB_2,26.4,336,8870.4
Peru_2019,TRE,PE_TRE_NB_3,25.25,386,9746.5
Peru_2019,TRE,PE_TRE_NB_3,18.2,386,7025.2
Peru_2019,TRE,PE_TRE_NB_4,26.25,364,9555
Peru_2019,TRE,PE_TRE_NB_4,23.2,364,8444.8
Peru_2019,TRE,PE_TRE_NB_5,32,461,14752
Peru_2019,TRE,PE_TRE_NB_5,17,461,7837
Peru_2019,WAY,PE_WAY_B_1,41.6,712,29619.2
Peru_2019,WAY,PE_WAY_B_1,32.8,712,23353.6
Peru_2019,WAY,PE_WAY_B_2,32.2,609,19609.8
Peru_2019,WAY,PE_WAY_B_2,41.6,609,25334.4
Peru_2019,WAY,PE_WAY_B_3,18.6,274,5096.4
Peru_2019,WAY,PE_WAY_B_4,34,309.5,10523
Peru_2019,WAY,PE_WAY_B_5,29.4,351.5,10334.1
Peru_2019,WAY,PE_WAY_C_1,34.2,809,27667.8
Peru_2019,WAY,PE_WAY_C_1,20,809,16180
Peru_2019,WAY,PE_WAY_C_2,32.6,691,22526.6
Peru_2019,WAY,PE_WAY_C_2,18.8,691,12990.8
Peru_2019,WAY,PE_WAY_C_3,52.2,901,47032.2
Peru_2019,WAY,PE_WAY_C_3,42,901,37842
Peru_2019,WAY,PE_WAY_C_4,29.2,669,19534.8
Peru_2019,WAY,PE_WAY_C_4,13.8,669,9232.2
Peru_2019,WAY,PE_WAY_C_5,27.4,700,19180
Peru_2019,WAY,PE_WAY_C_5,26,700,18200
Peru_2020,ACJ,PE_ACJ_NB_1,,101,
Peru_2020,ACJ,PE_ACJ_NB_2,,75.5,
Peru_2020,ACJ,PE_ACJ_NB_3,,69,
Peru_2020,ACJ,PE_ACJ_NB_4,,103,
Peru_2020,ACJ,PE_ACJ_NB_5,,78.5,
Peru_2020,QUE,PE_QUE_NB_1,14.2,92,1306.4
Peru_2020,QUE,PE_QUE_NB_2,17.2,95,1634
Peru_2020,QUE,PE_QUE_NB_3,6.8,73,496.4
Peru_2020,QUE,PE_QUE_NB_4,10,72.5,725
Peru_2020,QUE,PE_QUE_NB_5,9.6,73,700.8
Peru_2020,TRE,PE_TRE_C_1,,93.5,
Peru_2020,TRE,PE_TRE_C_2,,69.5,
Peru_2020,TRE,PE_TRE_C_3,,126,
Peru_2020,TRE,PE_TRE_C_4,,94,
Peru_2020,TRE,PE_TRE_C_5,,105,
Peru_2020,TRE,PE_TRE_NB_1,,75,
Peru_2020,TRE,PE_TRE_NB_2,,117.5,
Peru_2020,TRE,PE_TRE_NB_3,,99.5,
Peru_2020,TRE,PE_TRE_NB_4,,77,
Peru_2020,TRE,PE_TRE_NB_5,,93,
Svalbard_2018,ITEX,SV_ITEXBIS_L10,1.695,190,322.05
Svalbard_2018,ITEX,SV_ITEXBIS_L2,0.423,131,55.413
Svalbard_2018,ITEX,SV_ITEXBIS_L3,1.421,196,278.516
Svalbard_2018,ITEX,SV_ITEXBIS_L6,0.56,130,72.8
Svalbard_2018,ITEX,SV_ITEXBIS_L8,1.348,182,245.336
Svalbard_2018,ITEX,SV_ITEXCAS_L1,1.98,152,300.96
Svalbard_2018,ITEX,SV_ITEXCAS_L10,1.165,109,126.985
Svalbard_2018,ITEX,SV_ITEXCAS_L3,1.72,177,304.44
Svalbard_2018,ITEX,SV_ITEXCAS_L7,0.73,129,94.17
Svalbard_2018,ITEX,SV_ITEXCAS_L9,0.84,105,88.2
Svalbard_2018,ITEX,SV_ITEXDRY_L1,0.89,162,144.18
Svalbard_2018,ITEX,SV_ITEXDRY_L2,1.135,193,219.055
Svalbard_2018,ITEX,SV_ITEXDRY_L5,1.33333333333333,184,245.333333333333
Svalbard_2018,ITEX,SV_ITEXDRY_L7,1.285,185,237.725
Svalbard_2018,ITEX,SV_ITEXDRY_L8,1.01584158415842,156,158.471287128713
Svalbard_2018,B1,SV_B1A,2,36.1,72.2
Svalbard_2018,B1,SV_B1B,2,39,78
Svalbard_2018,B1,SV_B1C,1.5,32.5,48.75
Svalbard_2018,B1,SV_B1D,2,48.1,96.2
Svalbard_2018,B1,SV_B1E,1,35.8,35.8
Svalbard_2018,B1,SV_B1F,4,76.1,304.4
Svalbard_2018,B1,SV_B1G,2,65.5,131
Svalbard_2018,B2,SV_B2A,3,24.5,73.5
Svalbard_2018,B2,SV_B2B,1.5,36.5,54.75
Svalbard_2018,B2,SV_B2C,1,36,36
Svalbard_2018,B2,SV_B2D,1.5,31.5,47.25
Svalbard_2018,B2,SV_B2E,2,22.5,45
Svalbard_2018,B2,SV_B2F,1.5,48,72
Svalbard_2018,B2,SV_B2G,1.5,30.2,45.3
Svalbard_2018,B3,SV_B3A,1.5,44.7,67.05
Svalbard_2018,B3,SV_B3B,1.3,43.1,56.03
Svalbard_2018,B3,SV_B3C,2,54.5,109
Svalbard_2018,B3,SV_B3D,1.5,36.6,54.9
Svalbard_2018,B3,SV_B3E,2.5,31.5,78.75
Svalbard_2018,B3,SV_B3F,2,50.1,100.2
Svalbard_2018,B3,SV_B3G,3,86,258
Svalbard_2018,B4,SV_B4A,1,54,54
Svalbard_2018,B4,SV_B4B,1,42.5,42.5
Svalbard_2018,B4,SV_B4C,3,75.1,225.3
Svalbard_2018,B4,SV_B4D,2.5,53,132.5
Svalbard_2018,B4,SV_B4E,2,59.5,119
Svalbard_2018,B4,SV_B4F,1,70.3,70.3
Svalbard_2018,B4,SV_B4G,1.5,53.1,79.65
Svalbard_2018,B5,SV_B5A,4,31.2,124.8
Svalbard_2018,B5,SV_B5B,7,55.2,386.4
Svalbard_2018,B5,SV_B5C,7,42,294
Svalbard_2018,B5,SV_B5D,4,32.4,129.6
Svalbard_2018,B5,SV_B5E,3,48,144
Svalbard_2018,B5,SV_B5F,5,21.6,108
Svalbard_2018,B5,SV_B5G,0.5,12,6
Svalbard_2018,C1,SV_C1A,0.5,38.2,19.1
Svalbard_2018,C1,SV_C1B,0.5,71.3,35.65
Svalbard_2018,C1,SV_C1C,0.5,61.6,30.8
Svalbard_2018,C1,SV_C1D,1,49.5,49.5
Svalbard_2018,C1,SV_C1E,3,75.1,225.3
Svalbard_2018,C1,SV_C1F,4,43.6,174.4
Svalbard_2018,C1,SV_C1G,1.5,52.7,79.05
Svalbard_2018,C2,SV_C2A,1,22.7,22.7
Svalbard_2018,C2,SV_C2B,2,15.2,30.4
Svalbard_2018,C2,SV_C2C,1,17.1,17.1
Svalbard_2018,C2,SV_C2D,2,33,66
Svalbard_2018,C2,SV_C2E,3,14.6,43.8
Svalbard_2018,C2,SV_C2F,1,15.1,15.1
Svalbard_2018,C2,SV_C2G,0.5,20.2,10.1
Svalbard_2018,C3,SV_C3A,2,51.3,102.6
Svalbard_2018,C3,SV_C3B,2,39.9,79.8
Svalbard_2018,C3,SV_C3C,2,53.1,106.2
Svalbard_2018,C3,SV_C3D,1.5,45.3,67.95
Svalbard_2018,C3,SV_C3E,3,42.1,126.3
Svalbard_2018,C3,SV_C3F,2,62.2,124.4
Svalbard_2018,C3,SV_C3G,1,52.7,52.7
Svalbard_2018,C4,SV_C4A,1,6.1,6.1
Svalbard_2018,C4,SV_C4B,3,21.3,63.9
Svalbard_2018,C4,SV_C4C,4,41.1,164.4
Svalbard_2018,C4,SV_C4D,5,92,460
Svalbard_2018,C4,SV_C4E,3,33.7,101.1
Svalbard_2018,C4,SV_C4F,2.5,25.1,62.75
Svalbard_2018,C4,SV_C4G,2,28.1,56.2
Svalbard_2018,C5,SV_C5A,1,24.4,24.4
Svalbard_2018,C5,SV_C5B,2,13.3,26.6
Svalbard_2018,C5,SV_C5C,2,19.9,39.8
Svalbard_2018,C5,SV_C5D,2,16.7,33.4
Svalbard_2018,C5,SV_C5E,3,40.4,121.2
Svalbard_2018,C5,SV_C5F,4,37.6,150.4
Svalbard_2018,C5,SV_C5G,3.5,42.3,148.05
Svalbard_2018,C6,SV_C6A,1,39.6,39.6
Svalbard_2018,C6,SV_C6B,2,46.6,93.2
Svalbard_2018,C6,SV_C6C,1,28.7,28.7
Svalbard_2018,C6,SV_C6D,1,81.9,81.9
Svalbard_2018,C6,SV_C6E,2,32.6,65.2
Svalbard_2018,C6,SV_C6F,2,20.2,40.4
Svalbard_2018,C6,SV_C6G,2,24,48
Svalbard_2018,C7,SV_C7A,3,12.2,36.6
Svalbard_2018,C7,SV_C7B,1,18.2,18.2
Svalbard_2018,C7,SV_C7C,1.5,36.7,55.05
Svalbard_2018,C7,SV_C7D,3,8,24
Norway_2022,Hog,NO_Hog_TTC 101,9.47375215146299,66,625.267641996558
Norway_2022,Hog,NO_Hog_TTC 110,18.9348710990502,82,1552.65943012212
Norway_2022,Hog,NO_Hog_TTC 115,11.5894308943089,131,1518.21544715447
Norway_2022,Joa,NO_Joa_109 AN3C 109,8.93601190476191,75,670.200892857143
Norway_2022,Joa,NO_Joa_156 AN2C 156,11.7027027027027,125,1462.83783783784
Norway_2022,Joa,NO_Joa_81 AN1C 81,11.709746588694,111,1299.78187134503
Norway_2022,Lia,NO_Lia_27 AN3C 27,2.70752864157119,85,230.139934533552
Norway_2022,Lia,NO_Lia_4 AN1C 4,3.41062670299728,129,439.970844686649
Norway_2022,Lia,NO_Lia_77 AN2C 77,3.77557003257329,84,317.147882736156
Norway_2022,Vik,NO_Vik_TTC 141,9.51950286806883,71,675.884703632887
Norway_2022,Vik,NO_Vik_TTC 146,14.306386036961,81,1158.81726899384
Colorado_2016,almont,US_almont1,22.6,51,1152.6
Colorado_2016,almont,US_almont2,27.5,84.5,2323.75
Colorado_2016,almont,US_almont3,22.4,70,1568
Colorado_2016,almont,US_almont4,26.5,79,2093.5
Colorado_2016,almont,US_almont5,24.5,80,1960
Colorado_2016,cbt,US_cbt1,31.1,131,4074.1
Colorado_2016,cbt,US_cbt2,29,156.5,4538.5
Colorado_2016,cbt,US_cbt3,18.2,139.5,2538.9
Colorado_2016,cbt,US_cbt4,28.4,158.5,4501.4
Colorado_2016,cbt,US_cbt5,15.3,155,2371.5
Colorado_2016,cinnamon,US_cinnamon1,27.6,90,2484
Colorado_2016,cinnamon,US_cinnamon2,28.6,94,2688.4
Colorado_2016,cinnamon,US_cinnamon3,21.6,50,1080
Colorado_2016,cinnamon,US_cinnamon4,24.2,91,2202.2
Colorado_2016,cinnamon,US_cinnamon5,29,87,2523
Colorado_2016,pbm,US_pbm1,70.2,142,9968.4
Colorado_2016,pbm,US_pbm2,98,142.5,13965
Colorado_2016,pbm,US_pbm3,117.9,133.5,15739.65
Colorado_2016,pbm,US_pbm4,35.6,100,3560
Colorado_2016,pbm,US_pbm5,23.3,97,2260.1
Colorado_2016,pfeiler,US_pfeiler1,44,101.5,4466
Colorado_2016,pfeiler,US_pfeiler2,63.3,140.5,8893.65
Colorado_2016,pfeiler,US_pfeiler3,62.6,154,9640.4
Colorado_2016,pfeiler,US_pfeiler4,49.1,139.5,6849.45
Colorado_2016,pfeiler,US_pfeiler5,54,139,7506
Colorado_2016,road,US_road1,28,112.5,3150
Colorado_2016,road,US_road2,36.6,126.5,4629.9
Colorado_2016,road,US_road3,43.5,115.5,5024.25
Colorado_2016,road,US_road4,47.2,142.5,6726
Colorado_2016,road,US_road5,50.7,141,7148.7
Colorado_2018,almont,US_almont1,20.4,68,1387.2
Colorado_2018,almont,US_almont2,30,91,2730
Colorado_2018,almont,US_almont3,14.6,74,1080.4
Colorado_2018,almont,US_almont4,15.8,95,1501
Colorado_2018,almont,US_almont5,17.2,84,1444.8
Colorado_2018,cbt,US_cbt1,24.7,128.5,3173.95
Colorado_2018,cbt,US_cbt2,21.75,111.5,2425.125
Colorado_2018,cbt,US_cbt3,14.35,140,2009
Colorado_2018,cbt,US_cbt4,18,119,2142
Colorado_2018,cbt,US_cbt5,17.45,140,2443
Colorado_2018,cinnamon,US_cinnamon1,44.6,138,6154.8
Colorado_2018,cinnamon,US_cinnamon2,32.6,103,3357.8
Colorado_2018,cinnamon,US_cinnamon3,29,138,4002
Colorado_2018,cinnamon,US_cinnamon4,31.4,150,4710
Colorado_2018,cinnamon,US_cinnamon5,29,129,3741
Colorado_2018,pbm,US_pbm1,37.6,126,4737.6
Colorado_2018,pbm,US_pbm2,41.6,130,5408
Colorado_2018,pbm,US_pbm3,41.8,88,3678.4
Colorado_2018,pbm,US_pbm4,21.8,130,2834
Colorado_2018,pbm,US_pbm5,14,76,1064
Colorado_2018,pfeiler,US_pfeiler1,26.9,113,3039.7
Colorado_2018,pfeiler,US_pfeiler2,55.6,132,7339.2
Colorado_2018,pfeiler,US_pfeiler3,49.2,136,6691.2
Colorado_2018,pfeiler,US_pfeiler4,27.2,144.5,3930.4
Colorado_2018,pfeiler,US_pfeiler5,38.9,123,4784.7
Colorado_2018,road,US_road1,23.9,89.75,2145.025
Colorado_2018,road,US_road2,31.55,109,3438.95
Colorado_2018,road,US_road3,45.05,126.5,5698.825
Colorado_2018,road,US_road4,43.35,137.25,5949.7875
Colorado_2018,road,US_road5,71.55,150.5,10768.275
South_Africa_2023,2000east,SA_2000east1,11.6,53,614.8
South_Africa_2023,2000east,SA_2000east2,11.4,43,490.2
South_Africa_2023,2000east,SA_2000east3,11.4,68.5,780.9
South_Africa_2023,2000east,SA_2000east4,11.2,36.5,408.8
South_Africa_2023,2000east,SA_2000east5,10.6,35,371
South_Africa_2023,2000west,SA_2000west1,14,25,350
South_Africa_2023,2000west,SA_2000west2,11.2,79,884.8
South_Africa_2023,2000west,SA_2000west3,9.6,20,192
South_Africa_2023,2000west,SA_2000west4,9.2,38.5,354.2
South_Africa_2023,2000west,SA_2000west5,8.8,61.5,541.2
South_Africa_2023,2200east,SA_2200east1,9.8,41.5,406.7
South_Africa_2023,2200east,SA_2200east2,13,39,507
South_Africa_2023,2200east,SA_2200east3,13,38,494
South_Africa_2023,2200east,SA_2200east4,10,34,340
South_Africa_2023,2200east,SA_2200east5,10.8,36,388.8
South_Africa_2023,2200west,SA_2200west1,15,51,765
South_Africa_2023,2200west,SA_2200west2,12.8,43,550.4
South_Africa_2023,2200west,SA_2200west3,11.6,46.5,539.4
South_Africa_2023,2200west,SA_2200west4,14.4,95.5,1375.2
South_Africa_2023,2200west,SA_2200west5,15.2,22.5,342
South_Africa_2023,2400east,SA_2400east1,26.6,98,2606.8
South_Africa_2023,2400east,SA_2400east2,22,103.5,2277
South_Africa_2023,2400east,SA_2400east3,24.6,100,2460
South_Africa_2023,2400east,SA_2400east4,28.2,74,2086.8
South_Africa_2023,2400east,SA_2400east5,28.4,71,2016.4
South_Africa_2023,2400west,SA_2400west1,13.2,27.5,363
South_Africa_2023,2400west,SA_2400west2,14,38,532
South_Africa_2023,2400west,SA_2400west3,13.2,42,554.4
South_Africa_2023,2400west,SA_2400west4,9.6,31.5,302.4
South_Africa_2023,2400west,SA_2400west5,9,27.5,247.5
South_Africa_2023,2600east,SA_2600east1,15.6,43.5,678.6
South_Africa_2023,2600east,SA_2600east2,15.8,64,1011.2
South_Africa_2023,2600east,SA_2600east3,12.8,33,422.4
South_Africa_2023,2600east,SA_2600east4,17.6,70.5,1240.8
South_Africa_2023,2600east,SA_2600east5,12.6,39,491.4
South_Africa_2023,2600west,SA_2600west1,11.8,71,837.8
South_Africa_2023,2600west,SA_2600west2,14.8,76,1124.8
South_Africa_2023,2600west,SA_2600west3,10,68.5,685
South_Africa_2023,2600west,SA_2600west4,14.4,88.5,1274.4
South_Africa_2023,2600west,SA_2600west5,13.6,98,1332.8
South_Africa_2023,2800east,SA_2800east1,24,94.5,2268
South_Africa_2023,2800east,SA_2800east2,18.4,79,1453.6
South_Africa_2023,2800east,SA_2800east3,29.4,99.5,2925.3
South_Africa_2023,2800east,SA_2800east4,13,63.5,825.5
South_Africa_2023,2800east,SA_2800east5,19.2,64,1228.8
South_Africa_2023,2800west,SA_2800west1,15.6,90,1404
South_Africa_2023,2800west,SA_2800west2,21.8,58.5,1275.3
South_Africa_2023,2800west,SA_2800west3,16.5,115,1897.5
South_Africa_2023,2800west,SA_2800west4,27.6,64.5,1780.2
South_Africa_2023,2800west,SA_2800west5,34.8,97.5,3393
